file_name,full_name,role,company,experience_years,email,phone,skills
Resume_01_Allison_Hill.pdf,Allison Hill,Associate Data Science Engineer,CodeCraft Technologies,12,donaldgarcia@codecrafttechnologies.com,001-581-896-0013x3890,"Deep Learning, Pandas, Keras, Statistics, NumPy, Python"
Resume_02_Abigail_Shaffer.pdf,Abigail Shaffer,Java Engineer,NextIQ Software,7,jpeterson@nextiqsoftware.com,651.216.1559,"REST API, JUnit, Kafka, Spring Boot, Java, Maven"
Resume_03_Edward_Fuller.pdf,Edward Fuller,Senior DevOps Engineer,ZenData Solutions,6,barbara10@zendatasolutions.com,+1-634-313-1647x52553,"Jenkins, GCP, Azure, AWS, Kubernetes, CI/CD"
Resume_04_Devin_Schaefer.pdf,Devin Schaefer,Principal Data Engineering Engineer,QuantEdge Innovations,11,gabriellecameron@quantedgeinnovations.com,001-903-405-6413x95376,"Data Warehouse, Snowflake, Airflow, ETL, Python, PySpark"
Resume_05_Nicole_Patterson.pdf,Nicole Patterson,Lead BI / Analytics Engineer,QuantEdge Innovations,11,icox@quantedgeinnovations.com,671.201.2269x16697,"Snowflake, Data Modeling, Excel, Power BI, Tableau, SQL"
Resume_06_Martin_Rodriguez.pdf,Martin Rodriguez,Lead Data Science Engineer,InfoNexus Global,9,amoore@infonexusglobal.com,001-248-728-1489x3252,"Machine Learning, Pandas, Scikit-learn, Statistics, Deep Learning, NumPy"
Resume_07_Sandra_Parker.pdf,Sandra Parker,Principal DevOps Engineer,NextIQ Software,8,allenashley@nextiqsoftware.com,417-618-2278,"GCP, CI/CD, Jenkins, Azure, Git, Docker"
Resume_08_Monica_Harris.pdf,Monica Harris,Associate Data Science Engineer,FinCore Technologies,12,raymond57@fincoretechnologies.com,371.233.1509x83930,"Deep Learning, Machine Learning, TensorFlow, Scikit-learn, Statistics, Python"
Resume_09_Andrea_Young.pdf,Andrea Young,Lead BI / Analytics Engineer,DataVerse Labs,2,ilewis@dataverselabs.com,001-899-973-7631x1656,"Tableau, Visualization, Power BI, SQL, Snowflake, Data Modeling"
Resume_10_Nicholas_Mcbride.pdf,Nicholas Mcbride,Associate BI / Analytics Engineer,BlueLogic IT,6,wrightjames@bluelogicit.com,226.324.7317x810,"Excel, Snowflake, Reporting, Power BI, Visualization, SQL"
Resume_11_Dr._Steven_Martin.pdf,Dr. Steven Martin,Principal Data Engineering Engineer,DataVerse Labs,2,gallowayjoseph@dataverselabs.com,246.787.2343x098,"ETL, Data Warehouse, Airflow, Informatica, PySpark, Python"
Resume_12_Sarah_Moore.pdf,Sarah Moore,Principal Data Engineering Engineer,AIverse Solutions,12,yorkcasey@aiversesolutions.com,336-819-3990,"Airflow, Informatica, PySpark, Python, ETL, SQL"
Resume_13_Mike_Allen.pdf,Mike Allen,Principal Java Engineer,QuantEdge Innovations,11,panderson@quantedgeinnovations.com,675-410-7991x1838,"Kafka, REST API, Microservices, Maven, Java, JUnit"
Resume_14_Christopher_Bass.pdf,Christopher Bass,Senior Java Engineer,BlueLogic IT,8,cheryl80@bluelogicit.com,+1-784-512-4118x24493,"JUnit, Spring Boot, MySQL, Kafka, REST API, Maven"
Resume_15_Sarah_Davis.pdf,Sarah Davis,Associate DevOps Engineer,AIverse Solutions,12,ccalderon@aiversesolutions.com,2523427868,"Kubernetes, GCP, Docker, Azure, CI/CD, Git"
Resume_16_Kimberly_Davenport.pdf,Kimberly Davenport,Senior DevOps Engineer,QuantEdge Innovations,6,russellwilliams@quantedgeinnovations.com,(405)433-1586x923,"Docker, CI/CD, Git, Kubernetes, Jenkins, Azure"
Resume_17_Timothy_Pham.pdf,Timothy Pham,Lead Data Engineering Engineer,ZenData Solutions,11,josephcobb@zendatasolutions.com,560-573-3754,"SQL, PySpark, ETL, Data Warehouse, Snowflake, Informatica"
Resume_18_Sean_Rasmussen.pdf,Sean Rasmussen,Data Engineering Engineer,FinCore Technologies,12,michael86@fincoretechnologies.com,+1-785-801-4294x01965,"PySpark, Informatica, Python, Data Warehouse, SQL, Airflow"
Resume_19_Andrew_Graham.pdf,Andrew Graham,Principal Data Engineering Engineer,DeepMatrix Systems,3,michaeljones@deepmatrixsystems.com,+1-559-851-4846x56482,"Python, Data Warehouse, SQL, PySpark, ETL, Snowflake"
Resume_20_Elizabeth_Kelley.pdf,Elizabeth Kelley,Lead Data Engineering Engineer,InfoNexus Global,7,torresjason@infonexusglobal.com,001-495-377-7387,"Informatica, Data Warehouse, Python, SQL, ETL, Snowflake"
Resume_21_Robert_Potter.pdf,Robert Potter,Data Science Engineer,CodeCraft Technologies,7,jeffrey32@codecrafttechnologies.com,5038791769,"Keras, Deep Learning, Statistics, Scikit-learn, NumPy, Machine Learning"
Resume_22_Stephanie_Dalton.pdf,Stephanie Dalton,Lead Data Science Engineer,AIverse Solutions,6,osbornejeffery@aiversesolutions.com,001-787-908-3172x788,"Deep Learning, Machine Learning, NumPy, Python, Pandas, Keras"
Resume_23_Jill_Moore.pdf,Jill Moore,Data Science Engineer,BlueLogic IT,9,wcole@bluelogicit.com,548.673.4714,"Machine Learning, Pandas, Statistics, NumPy, Deep Learning, Scikit-learn"
Resume_24_David_Benson.pdf,David Benson,Principal BI / Analytics Engineer,BlueLogic IT,4,calebrussell@bluelogicit.com,+1-876-903-6690,"Snowflake, Power BI, Data Modeling, Tableau, Reporting, SQL"
Resume_25_Sarah_Ashley.pdf,Sarah Ashley,Senior BI / Analytics Engineer,QuantEdge Innovations,2,vmedina@quantedgeinnovations.com,+1-893-773-4670,"Tableau, Data Modeling, Excel, SQL, Visualization, Snowflake"
Resume_26_Cameron_Dean.pdf,Cameron Dean,Principal Data Science Engineer,ByteScale IT,2,meadowsbrittany@bytescaleit.com,+1-701-862-7204x65375,"Scikit-learn, Deep Learning, Pandas, Keras, Python, NumPy"
Resume_27_Bradley_Smith.pdf,Bradley Smith,Associate BI / Analytics Engineer,DataVerse Labs,11,cookemichael@dataverselabs.com,+1-510-903-3092x3271,"Data Modeling, Excel, Snowflake, SQL, Tableau, Visualization"
Resume_28_Michelle_Strickland.pdf,Michelle Strickland,Associate Data Science Engineer,CloudEdge Analytics,10,tamirodriguez@cloudedgeanalytics.com,3496663193,"TensorFlow, Statistics, Scikit-learn, NumPy, Keras, Deep Learning"
Resume_29_Hannah_Patterson.pdf,Hannah Patterson,Lead Data Science Engineer,ByteScale IT,5,casey50@bytescaleit.com,(971)865-7262x84987,"Deep Learning, TensorFlow, Python, Pandas, Scikit-learn, Keras"
Resume_30_Diana_Hayes.pdf,Diana Hayes,Associate Data Engineering Engineer,NeuralBridge AI,8,qhudson@neuralbridgeai.com,(650)275-2735x4549,"SQL, Airflow, Python, PySpark, Snowflake, Informatica"
Resume_31_Peter_Vaughn_DDS.pdf,Peter Vaughn DDS,Senior Java Engineer,NextIQ Software,9,bwest@nextiqsoftware.com,743-863-4957,"Kafka, Microservices, REST API, Java, Spring Boot, MySQL"
Resume_32_David_Griffith.pdf,David Griffith,Principal BI / Analytics Engineer,ZenData Solutions,8,david82@zendatasolutions.com,537.649.8941,"Power BI, Excel, SQL, Visualization, Snowflake, Reporting"
Resume_33_Joseph_Hill.pdf,Joseph Hill,Java Engineer,NextIQ Software,12,tranheidi@nextiqsoftware.com,(771)409-4777,"MySQL, Spring Boot, Maven, REST API, JUnit, Hibernate"
Resume_34_Austin_Vasquez.pdf,Austin Vasquez,Principal BI / Analytics Engineer,ByteScale IT,12,hernandezlisa@bytescaleit.com,913-618-6999x3867,"Visualization, Data Modeling, Power BI, SQL, Snowflake, Reporting"
Resume_35_Natalie_Meza.pdf,Natalie Meza,Senior Data Science Engineer,TechNova Systems,10,colleenbaker@technovasystems.com,923-928-1206,"NumPy, Keras, Pandas, Statistics, TensorFlow, Deep Learning"
Resume_36_Scott_Jones.pdf,Scott Jones,Data Science Engineer,QuantEdge Innovations,7,sandrafrench@quantedgeinnovations.com,+1-693-661-8324x2102,"NumPy, Statistics, Machine Learning, Deep Learning, TensorFlow, Keras"
Resume_37_Terri_Mason.pdf,Terri Mason,Principal Java Engineer,AIverse Solutions,9,mkim@aiversesolutions.com,2656940139,"Java, MySQL, Hibernate, REST API, Kafka, Spring Boot"
Resume_38_Sydney_White.pdf,Sydney White,Associate DevOps Engineer,CloudEdge Analytics,15,fwalters@cloudedgeanalytics.com,875-965-5125,"Git, Terraform, GCP, Docker, AWS, Kubernetes"
Resume_39_Amanda_Miller.pdf,Amanda Miller,Principal Data Science Engineer,VirtuSpark Labs,13,marcus68@virtusparklabs.com,9879603859,"Keras, Statistics, Scikit-learn, NumPy, Machine Learning, Python"
Resume_40_Dwayne_Gilmore.pdf,Dwayne Gilmore,Lead BI / Analytics Engineer,ZenData Solutions,12,omartinez@zendatasolutions.com,+1-332-448-0861x317,"Snowflake, Data Modeling, SQL, Reporting, Power BI, Excel"
